n,b_z
1,inf
2,inf
3,inf
4,inf
5,inf
6,inf
7,inf
8,inf
9,inf
10,inf
11,inf
12,inf
13,inf
14,inf
15,inf
16,inf
17,inf
18,inf
19,inf
20,inf
21,inf
22,inf
23,inf
24,inf
25,inf
26,inf
27,inf
28,inf
29,inf
30,inf
31,inf
32,inf
33,inf
34,inf
35,inf
36,inf
37,inf
38,inf
39,inf
40,inf
41,inf
42,inf
43,inf
44,inf
45,inf
46,inf
47,inf
48,inf
49,inf
50,inf
51,inf
52,inf
53,inf
54,inf
55,inf
56,inf
57,inf
58,inf
59,inf
60,inf
61,inf
62,inf
63,inf
64,inf
65,inf
66,inf
67,inf
68,inf
69,inf
70,inf
71,inf
72,inf
73,inf
74,inf
75,inf
76,inf
77,inf
78,inf
79,inf
80,inf
81,inf
82,inf
83,inf
84,inf
85,inf
86,inf
87,inf
88,inf
89,inf
90,inf
91,inf
92,inf
93,inf
94,inf
95,inf
96,inf
97,inf
98,inf
99,inf
100,inf
101,inf
102,inf
103,inf
104,inf
105,inf
106,inf
107,inf
108,inf
109,inf
110,inf
111,inf
112,inf
113,inf
114,inf
115,inf
116,inf
117,inf
118,inf
119,inf
120,inf
121,inf
122,inf
123,inf
124,inf
125,inf
126,inf
127,inf
128,inf
129,inf
130,inf
131,inf
132,inf
133,inf
134,inf
135,inf
136,inf
137,inf
138,8.252140
139,inf
140,inf
141,inf
142,inf
143,8.201453
144,inf
145,8.160011
146,8.129455
147,8.114111
148,8.097422
149,8.091286
150,8.038584
151,8.014833
152,7.998783
153,7.969711
154,7.940115
155,7.913440
156,7.900214
157,7.875625
158,7.845027
159,7.818049
160,7.798809
161,7.775315
162,7.749604
163,7.726018
164,7.703939
165,7.680790
166,7.657244
167,7.635241
168,7.611788
169,7.589893
170,7.567290
171,7.546045
172,7.523790
173,7.502262
174,7.481366
175,7.459760
176,7.438613
177,7.417926
178,7.397149
179,7.376931
180,7.356412
181,7.336193
182,7.316309
183,7.296383
184,7.276787
185,7.257236
186,7.237922
187,7.218656
188,7.199604
189,7.180747
190,7.161974
191,7.143318
192,7.124922
193,7.106555
194,7.088396
195,7.070336
196,7.052432
197,7.034661
198,7.017046
199,6.999520
200,6.982152
201,6.964904
202,6.947781
203,6.930797
204,6.913916
205,6.897178
206,6.880555
207,6.864045
208,6.847656
209,6.831387
210,6.815232
211,6.799189
212,6.783261
213,6.767444
214,6.751738
215,6.736137
216,6.720648
217,6.705264
218,6.689982
219,6.674810
220,6.659734
221,6.644765
222,6.629895
223,6.615122
224,6.600450
225,6.585875
226,6.571394
227,6.557010
228,6.542719
229,6.528522
230,6.514416
231,6.500401
232,6.486490
233,6.481660
234,6.470161
235,6.457527
236,6.444536
237,6.431419
238,6.418270
239,6.405131
240,6.392029
241,6.378976
242,6.365981
243,6.353049
244,6.340184
245,6.327388
246,6.314663
247,6.302007
248,6.289424
249,6.276912
250,6.264471
251,6.252102
252,6.239804
253,6.227576
254,6.215419
255,6.203331
256,6.191312
257,6.179362
258,6.167481
259,6.155667
260,6.143920
261,6.132239
262,6.120624
263,6.109075
264,6.097591
265,6.086170
266,6.074814
267,6.063520
268,6.052289
269,6.041119
270,6.030012
271,6.018965
272,6.007978
273,5.997051
274,5.986183
275,5.975374
276,5.964623
277,5.953930
278,5.943299
279,5.941142
280,5.932765
281,5.923299
282,5.913467
283,5.903487
284,5.893446
285,5.883389
286,5.873338
287,5.863307
288,5.853304
289,5.843336
290,5.833406
291,5.823516
292,5.813669
293,5.803865
294,5.794106
295,5.784391
296,5.774721
297,5.765097
298,5.755519
299,5.745986
300,5.736498
301,5.727056
302,5.717658
303,5.708306
304,5.698998
305,5.689735
306,5.680516
307,5.671341
308,5.662210
309,5.653122
310,5.644077
311,5.635075
312,5.626115
313,5.617198
314,5.608322
315,5.599489
316,5.590696
317,5.581945
318,5.573234
319,5.564563
320,5.555933
321,5.547343
322,5.538792
323,5.530304
324,5.529746
325,5.523353
326,5.515920
327,5.508129
328,5.500182
329,5.492163
330,5.484113
331,5.476054
332,5.467999
333,5.459957
334,5.451934
335,5.443933
336,5.435957
337,5.428007
338,5.420086
339,5.412194
340,5.404332
341,5.396501
342,5.388700
343,5.380930
344,5.373191
345,5.365483
346,5.357807
347,5.350162
348,5.342549
349,5.334967
350,5.327415
351,5.319895
352,5.312406
353,5.304947
354,5.297519
355,5.290122
356,5.282755
357,5.275418
358,5.268111
359,5.260834
360,5.253587
361,5.246369
362,5.239181
363,5.232021
364,5.224891
365,5.217789
366,5.210734
367,5.211191
368,5.206125
369,5.200065
370,5.193655
371,5.187088
372,5.180444
373,5.173760
374,5.167060
375,5.160355
376,5.153654
377,5.146963
378,5.140284
379,5.133622
380,5.126976
381,5.120350
382,5.113744
383,5.107159
384,5.100596
385,5.094054
386,5.087534
387,5.081038
388,5.074563
389,5.068112
390,5.061683
391,5.055278
392,5.048895
393,5.042535
394,5.036198
395,5.029885
396,5.023594
397,5.017325
398,5.011080
399,5.004857
400,4.998657
401,4.992479
402,4.986323
403,4.980190
404,4.974079
405,4.967990
406,4.961923
407,4.955877
408,4.949861
409,4.951010
410,4.946899
411,4.941835
412,4.936431
413,4.930872
414,4.925232
415,4.919550
416,4.913845
417,4.908131
418,4.902415
419,4.896703
420,4.890998
421,4.885302
422,4.879618
423,4.873948
424,4.868291
425,4.862650
426,4.857024
427,4.851414
428,4.845821
429,4.840244
430,4.834685
431,4.829142
432,4.823617
433,4.818109
434,4.812619
435,4.807147
436,4.801691
437,4.796254
438,4.790834
439,4.785431
440,4.780046
441,4.774679
442,4.769329
443,4.763996
444,4.758680
445,4.753382
446,4.748101
447,4.742837
448,4.737591
449,4.732361
450,4.727155
451,4.728798
452,4.725413
453,4.721114
454,4.716486
455,4.711704
456,4.706842
457,4.701934
458,4.697002
459,4.692057
460,4.687106
461,4.682154
462,4.677206
463,4.672263
464,4.667328
465,4.662402
466,4.657486
467,4.652581
468,4.647688
469,4.642806
470,4.637937
471,4.633081
472,4.628238
473,4.623407
474,4.618591
475,4.613787
476,4.608998
477,4.604221
478,4.599459
479,4.594710
480,4.589975
481,4.585254
482,4.580547
483,4.575853
484,4.571174
485,4.566507
486,4.561855
487,4.557216
488,4.552591
489,4.547980
490,4.543382
491,4.538797
492,4.534237
493,4.536240
494,4.533422
495,4.529725
496,4.525709
497,4.521543
498,4.517296
499,4.513004
500,4.508684
501,4.504349
502,4.500006
503,4.495660
504,4.491314
505,4.486972
506,4.482633
507,4.478301
508,4.473976
509,4.469659
510,4.465350
511,4.461051
512,4.456761
513,4.452481
514,4.448211
515,4.443951
516,4.439702
517,4.435463
518,4.431235
519,4.427018
520,4.422812
521,4.418616
522,4.414432
523,4.410259
524,4.406096
525,4.401945
526,4.397805
527,4.393675
528,4.389557
529,4.385450
530,4.381354
531,4.377269
532,4.373195
533,4.369133
534,4.371402
535,4.369029
536,4.365806
537,4.362273
538,4.358594
539,4.354834
540,4.351029
541,4.347195
542,4.343344
543,4.339484
544,4.335618
545,4.331751
546,4.327885
547,4.324021
548,4.320161
549,4.316306
550,4.312457
551,4.308614
552,4.304778
553,4.300950
554,4.297129
555,4.293317
556,4.289512
557,4.285716
558,4.281928
559,4.278149
560,4.274378
561,4.270617
562,4.266864
563,4.263120
564,4.259385
565,4.255659
566,4.251942
567,4.248235
568,4.244536
569,4.240846
570,4.237166
571,4.233494
572,4.229832
573,4.226178
574,4.222534
575,4.218908
576,4.221377
577,4.219371
578,4.216544
579,4.213416
580,4.210146
581,4.206797
582,4.203402
583,4.199978
584,4.196536
585,4.193083
586,4.189624
587,4.186162
588,4.182699
589,4.179237
590,4.175777
591,4.172321
592,4.168868
593,4.165421
594,4.161979
595,4.158542
596,4.155112
597,4.151688
598,4.148270
599,4.144859
600,4.141455
601,4.138058
602,4.134668
603,4.131285
604,4.127909
605,4.124541
606,4.121180
607,4.117826
608,4.114480
609,4.111141
610,4.107810
611,4.104486
612,4.101170
613,4.097862
614,4.094561
615,4.091267
616,4.087985
617,4.090606
618,4.088897
619,4.086393
620,4.083596
621,4.080660
622,4.077646
623,4.074586
624,4.071497
625,4.068389
626,4.065270
627,4.062143
628,4.059012
629,4.055879
630,4.052746
631,4.049614
632,4.046485
633,4.043358
634,4.040234
635,4.037115
636,4.034000
637,4.030890
638,4.027785
639,4.024685
640,4.021590
641,4.018501
642,4.015418
643,4.012340
644,4.009269
645,4.006203
646,4.003144
647,4.000091
648,3.997044
649,3.994003
650,3.990968
651,3.987940
652,3.984918
653,3.981902
654,3.978892
655,3.975889
656,3.972892
657,3.969902
658,3.972639
659,3.971179
660,3.968945
661,3.966428
662,3.963774
663,3.961043
664,3.958267
665,3.955462
666,3.952638
667,3.949802
668,3.946957
669,3.944107
670,3.941255
671,3.938401
672,3.935548
673,3.932696
674,3.929846
675,3.926998
676,3.924153
677,3.921312
678,3.918474
679,3.915641
680,3.912812
681,3.909987
682,3.907166
683,3.904351
684,3.901540
685,3.898734
686,3.895933
687,3.893138
688,3.890347
689,3.887562
690,3.884781
691,3.882006
692,3.879237
693,3.876473
694,3.873714
695,3.870960
696,3.868212
697,3.865469
698,3.862732
699,3.860009
700,3.862832
701,3.861583
702,3.859585
703,3.857310
704,3.854902
705,3.852419
706,3.849891
707,3.847334
708,3.844758
709,3.842169
710,3.839572
711,3.836969
712,3.834362
713,3.831754
714,3.829145
715,3.826537
716,3.823929
717,3.821324
718,3.818720
719,3.816120
720,3.813522
721,3.810927
722,3.808336
723,3.805748
724,3.803164
725,3.800584
726,3.798008
727,3.795437
728,3.792869
729,3.790306
730,3.787747
731,3.785192
732,3.782642
733,3.780096
734,3.777555
735,3.775018
736,3.772486
737,3.769958
738,3.767435
739,3.764917
740,3.762407
741,3.765298
742,3.764228
743,3.762428
744,3.760358
745,3.758157
746,3.755883
747,3.753565
748,3.751218
749,3.748851
750,3.746471
751,3.744082
752,3.741688
753,3.739289
754,3.736888
755,3.734486
756,3.732083
757,3.729681
758,3.727281
759,3.724881
760,3.722484
761,3.720089
762,3.717697
763,3.715307
764,3.712920
765,3.710537
766,3.708156
767,3.705779
768,3.703406
769,3.701036
770,3.698669
771,3.696306
772,3.693947
773,3.691592
774,3.689241
775,3.686893
776,3.684550
777,3.682210
778,3.679874
779,3.677542
780,3.675214
781,3.672891
782,3.675832
783,3.674915
784,3.673286
785,3.671394
786,3.669374
787,3.667282
788,3.665145
789,3.662981
790,3.660797
791,3.658599
792,3.656392
793,3.654179
794,3.651962
795,3.649742
796,3.647520
797,3.645297
798,3.643075
799,3.640853
800,3.638632
801,3.636412
802,3.634195
803,3.631979
804,3.629766
805,3.627554
806,3.625346
807,3.623140
808,3.620937
809,3.618737
810,3.616540
811,3.614346
812,3.612155
813,3.609968
814,3.607783
815,3.605602
816,3.603424
817,3.601250
818,3.599079
819,3.596911
820,3.594747
821,3.592587
822,3.590429
823,3.588283
824,3.591258
825,3.590475
826,3.588998
827,3.587264
828,3.585405
829,3.583475
830,3.581502
831,3.579501
832,3.577480
833,3.575446
834,3.573403
835,3.571353
836,3.569298
837,3.567240
838,3.565180
839,3.563119
840,3.561058
841,3.558997
842,3.556937
843,3.554877
844,3.552819
845,3.550762
846,3.548708
847,3.546655
848,3.544604
849,3.542556
850,3.540509
851,3.538466
852,3.536425
853,3.534386
854,3.532350
855,3.530317
856,3.528287
857,3.526260
858,3.524235
859,3.522214
860,3.520195
861,3.518179
862,3.516167
863,3.514157
864,3.512152
865,3.515156
866,3.514488
867,3.513142
868,3.511545
869,3.509825
870,3.508036
871,3.506204
872,3.504344
873,3.502464
874,3.500572
875,3.498670
876,3.496760
877,3.494846
878,3.492929
879,3.491009
880,3.489088
881,3.487166
882,3.485244
883,3.483323
884,3.481402
885,3.479481
886,3.477562
887,3.475645
888,3.473729
889,3.471815
890,3.469902
891,3.467992
892,3.466084
893,3.464178
894,3.462274
895,3.460372
896,3.458473
897,3.456576
898,3.454682
899,3.452790
900,3.450901
901,3.449014
902,3.447130
903,3.445249
904,3.443370
905,3.441493
906,3.439627
907,3.442646
908,3.442081
909,3.440852
910,3.439377
911,3.437783
912,3.436121
913,3.434416
914,3.432684
915,3.430933
916,3.429169
917,3.427395
918,3.425613
919,3.423827
920,3.422037
921,3.420245
922,3.418451
923,3.416656
924,3.414860
925,3.413065
926,3.411270
927,3.409475
928,3.407681
929,3.405889
930,3.404098
931,3.402308
932,3.400519
933,3.398733
934,3.396948
935,3.395165
936,3.393384
937,3.391605
938,3.389828
939,3.388053
940,3.386280
941,3.384509
942,3.382741
943,3.380975
944,3.379211
945,3.377449
946,3.375690
947,3.373934
948,3.376967
949,3.376490
950,3.375364
951,3.373997
952,3.372513
953,3.370962
954,3.369369
955,3.367749
956,3.366110
957,3.364458
958,3.362795
959,3.361126
960,3.359452
961,3.357773
962,3.356092
963,3.354409
964,3.352725
965,3.351040
966,3.349355
967,3.347670
968,3.345986
969,3.344302
970,3.342618
971,3.340936
972,3.339255
973,3.337575
974,3.335897
975,3.334220
976,3.332545
977,3.330871
978,3.329199
979,3.327529
980,3.325861
981,3.324194
982,3.322530
983,3.320867
984,3.319207
985,3.317548
986,3.315891
987,3.314237
988,3.312584
989,3.310939
990,3.313975
991,3.313578
992,3.312545
993,3.311276
994,3.309891
995,3.308441
996,3.306951
997,3.305433
998,3.303897
999,3.302347
1000,3.300787
1001,3.299220
1002,3.297648
1003,3.296072
1004,3.294494
1005,3.292913
1006,3.291330
1007,3.289747
1008,3.288163
1009,3.286580
1010,3.284996
1011,3.283413
1012,3.281830
1013,3.280248
1014,3.278667
1015,3.277087
1016,3.275509
1017,3.273931
1018,3.272355
1019,3.270780
1020,3.269207
1021,3.267635
1022,3.266065
1023,3.264497
1024,3.262930
1025,3.261365
1026,3.259802
1027,3.258240
1028,3.256680
1029,3.255122
1030,3.253566
1031,3.252019
1032,3.255055
1033,3.254728
1034,3.253779
1035,3.252598
1036,3.251303
1037,3.249945
1038,3.248546
1039,3.247120
1040,3.245676
1041,3.244219
1042,3.242752
1043,3.241278
1044,3.239798
1045,3.238314
1046,3.236828
1047,3.235339
1048,3.233848
1049,3.232357
1050,3.230865
1051,3.229372
1052,3.227880
1053,3.226387
1054,3.224896
1055,3.223404
1056,3.221914
1057,3.220424
1058,3.218935
1059,3.217448
1060,3.215961
1061,3.214476
1062,3.212992
1063,3.211509
1064,3.210028
1065,3.208548
1066,3.207069
1067,3.205592
1068,3.204117
1069,3.202643
1070,3.201171
1071,3.199700
1072,3.198231
1073,3.196772
1074,3.199805
1075,3.199541
1076,3.198666
1077,3.197564
1078,3.196351
1079,3.195075
1080,3.193760
1081,3.192417
1082,3.191057
1083,3.189683
1084,3.188300
1085,3.186909
1086,3.185513
1087,3.184113
1088,3.182710
1089,3.181304
1090,3.179897
1091,3.178489
1092,3.177079
1093,3.175669
1094,3.174260
1095,3.172850
1096,3.171440
1097,3.170031
1098,3.168622
1099,3.167214
1100,3.165807
1101,3.164401
1102,3.162995
1103,3.161591
1104,3.160188
1105,3.158786
1106,3.157385
1107,3.155985
1108,3.154587
1109,3.153190
1110,3.151794
1111,3.150400
1112,3.149007
1113,3.147616
1114,3.146226
1115,3.149257
1116,3.149049
1117,3.148242
1118,3.147211
1119,3.146070
1120,3.144868
1121,3.143626
1122,3.142358
1123,3.141072
1124,3.139773
1125,3.138464
1126,3.137148
1127,3.135826
1128,3.134501
1129,3.133171
1130,3.131840
1131,3.130507
1132,3.129172
1133,3.127837
1134,3.126500
1135,3.125164
1136,3.123827
1137,3.122491
1138,3.121155
1139,3.119819
1140,3.118484
1141,3.117149
1142,3.115815
1143,3.114482
1144,3.113150
1145,3.111819
1146,3.110489
1147,3.109159
1148,3.107831
1149,3.106504
1150,3.105179
1151,3.103854
1152,3.102531
1153,3.101208
1154,3.099888
1155,3.098568
1156,3.097253
1157,3.100274
1158,3.100116
1159,3.099369
1160,3.098403
1161,3.097330
1162,3.096195
1163,3.095022
1164,3.093823
1165,3.092606
1166,3.091376
1167,3.090136
1168,3.088889
1169,3.087637
1170,3.086380
1171,3.085120
1172,3.083858
1173,3.082593
1174,3.081328
1175,3.080061
1176,3.078793
1177,3.077525
1178,3.076257
1179,3.074989
1180,3.073721
1181,3.072453
1182,3.071186
1183,3.069919
1184,3.068653
1185,3.067387
1186,3.066123
1187,3.064859
1188,3.063595
1189,3.062333
1190,3.061072
1191,3.059812
1192,3.058553
1193,3.057294
1194,3.056037
1195,3.054781
1196,3.053527
1197,3.052273
1198,3.051024
1199,3.054035
1200,3.053922
1201,3.053231
1202,3.052324
1203,3.051312
1204,3.050239
1205,3.049129
1206,3.047993
1207,3.046839
1208,3.045672
1209,3.044496
1210,3.043313
1211,3.042124
1212,3.040930
1213,3.039734
1214,3.038534
1215,3.037333
1216,3.036131
1217,3.034927
1218,3.033722
1219,3.032517
1220,3.031312
1221,3.030106
1222,3.028900
1223,3.027695
1224,3.026490
1225,3.025285
1226,3.024081
1227,3.022877
1228,3.021674
1229,3.020472
1230,3.019270
1231,3.018070
1232,3.016870
1233,3.015671
1234,3.014472
1235,3.013275
1236,3.012079
1237,3.010884
1238,3.009689
1239,3.008496
1240,3.007307
1241,3.010306
1242,3.010235
1243,3.009595
1244,3.008742
1245,3.007786
1246,3.006770
1247,3.005717
1248,3.004639
1249,3.003543
1250,3.002435
1251,3.001316
1252,3.000191
1253,2.999060
1254,2.997925
1255,2.996787
1256,2.995645
1257,2.994502
1258,2.993357
1259,2.992211
1260,2.991064
1261,2.989917
1262,2.988769
1263,2.987621
1264,2.986473
1265,2.985325
1266,2.984177
1267,2.983029
1268,2.981882
1269,2.980735
1270,2.979589
1271,2.978443
1272,2.977298
1273,2.976154
1274,2.975010
1275,2.973867
1276,2.972725
1277,2.971584
1278,2.970444
1279,2.969304
1280,2.968166
1281,2.967028
1282,2.965894
1283,2.968880
1284,2.968846
1285,2.968252
1286,2.967450
1287,2.966545
1288,2.965581
1289,2.964581
1290,2.963556
1291,2.962513
1292,2.961458
1293,2.960394
1294,2.959322
1295,2.958245
1296,2.957163
1297,2.956078
1298,2.954990
1299,2.953900
1300,2.952809
1301,2.951716
1302,2.950622
1303,2.949528
1304,2.948433
1305,2.947338
1306,2.946242
1307,2.945147
1308,2.944052
1309,2.942957
1310,2.941862
1311,2.940768
1312,2.939674
1313,2.938580
1314,2.937487
1315,2.936395
1316,2.935303
1317,2.934212
1318,2.933122
1319,2.932032
1320,2.930944
1321,2.929856
1322,2.928769
1323,2.927682
1324,2.926598
1325,2.929570
1326,2.929570
1327,2.929019
1328,2.928262
1329,2.927405
1330,2.926489
1331,2.925537
1332,2.924561
1333,2.923568
1334,2.922562
1335,2.921547
1336,2.920525
1337,2.919497
1338,2.918464
1339,2.917428
1340,2.916390
1341,2.915349
1342,2.914307
1343,2.913263
1344,2.912219
1345,2.911173
1346,2.910127
1347,2.909081
1348,2.908035
1349,2.906988
1350,2.905941
1351,2.904895
1352,2.903849
1353,2.902803
1354,2.901757
1355,2.900712
1356,2.899667
1357,2.898623
1358,2.897579
1359,2.896536
1360,2.895494
1361,2.894452
1362,2.893411
1363,2.892370
1364,2.891331
1365,2.890292
1366,2.889253
1367,2.888223
1368,2.891177
1369,2.891207
1370,2.890695
1371,2.889981
1372,2.889168
1373,2.888298
1374,2.887392
1375,2.886461
1376,2.885514
1377,2.884555
1378,2.883586
1379,2.882610
1380,2.881628
1381,2.880643
1382,2.879653
1383,2.878661
1384,2.877667
1385,2.876671
1386,2.875674
1387,2.874676
1388,2.873677
1389,2.872677
1390,2.871677
1391,2.870676
1392,2.869676
1393,2.868675
1394,2.867675
1395,2.866674
1396,2.865674
1397,2.864674
1398,2.863675
1399,2.862675
1400,2.861677
1401,2.860678
1402,2.859681
1403,2.858683
1404,2.857687
1405,2.856691
1406,2.855695
1407,2.854701
1408,2.853707
1409,2.852716
1410,2.855656
1411,2.855715
1412,2.855240
1413,2.854565
1414,2.853792
1415,2.852963
1416,2.852099
1417,2.851211
1418,2.850306
1419,2.849388
1420,2.848462
1421,2.847528
1422,2.846589
1423,2.845646
1424,2.844699
1425,2.843750
1426,2.842798
1427,2.841844
1428,2.840889
1429,2.839933
1430,2.838976
1431,2.838018
1432,2.837060
1433,2.836101
1434,2.835143
1435,2.834184
1436,2.833225
1437,2.832266
1438,2.831308
1439,2.830349
1440,2.829391
1441,2.828433
1442,2.827476
1443,2.826519
1444,2.825562
1445,2.824606
1446,2.823651
1447,2.822696
1448,2.821741
1449,2.820787
1450,2.819834
1451,2.818882
1452,2.817936
1453,2.820858
1454,2.820942
1455,2.820500
1456,2.819862
1457,2.819127
1458,2.818336
1459,2.817511
1460,2.816663
1461,2.815797
1462,2.814920
1463,2.814033
1464,2.813140
1465,2.812241
1466,2.811337
1467,2.810430
1468,2.809521
1469,2.808609
1470,2.807695
1471,2.806780
1472,2.805864
1473,2.804947
1474,2.804029
1475,2.803111
1476,2.802192
1477,2.801273
1478,2.800354
1479,2.799434
1480,2.798515
1481,2.797596
1482,2.796677
1483,2.795758
1484,2.794840
1485,2.793922
1486,2.793004
1487,2.792086
1488,2.791169
1489,2.790253
1490,2.789337
1491,2.788421
1492,2.787506
1493,2.786592
1494,2.785679
1495,2.788587
1496,2.788695
1497,2.788284
1498,2.787679
1499,2.786979
1500,2.786225
1501,2.785435
1502,2.784623
1503,2.783794
1504,2.782953
1505,2.782104
1506,2.781247
1507,2.780384
1508,2.779517
1509,2.778647
1510,2.777774
1511,2.776899
1512,2.776022
1513,2.775143
1514,2.774264
1515,2.773383
1516,2.772501
1517,2.771619
1518,2.770737
1519,2.769854
1520,2.768971
1521,2.768088
1522,2.767205
1523,2.766322
1524,2.765439
1525,2.764556
1526,2.763673
1527,2.762791
1528,2.761909
1529,2.761027
1530,2.760146
1531,2.759265
1532,2.758384
1533,2.757504
1534,2.756625
1535,2.755745
1536,2.754867
1537,2.753994
1538,2.756882
1539,2.757011
1540,2.756629
1541,2.756055
1542,2.755388
1543,2.754667
1544,2.753912
1545,2.753134
1546,2.752339
1547,2.751533
1548,2.750717
1549,2.749895
1550,2.749067
1551,2.748235
1552,2.747400
1553,2.746562
1554,2.745721
1555,2.744879
1556,2.744035
1557,2.743190
1558,2.742344
1559,2.741497
1560,2.740649
1561,2.739801
1562,2.738953
1563,2.738104
1564,2.737256
1565,2.736407
1566,2.735558
1567,2.734709
1568,2.733861
1569,2.733012
1570,2.732164
1571,2.731316
1572,2.730468
1573,2.729621
1574,2.728774
1575,2.727927
1576,2.727081
1577,2.726235
1578,2.725390
1579,2.724545
1580,2.723706
1581,2.726577
1582,2.726726
1583,2.726370
1584,2.725826
1585,2.725189
1586,2.724499
1587,2.723776
1588,2.723030
1589,2.722267
1590,2.721493
1591,2.720711
1592,2.719921
1593,2.719125
1594,2.718326
1595,2.717523
1596,2.716717
1597,2.715909
1598,2.715099
1599,2.714288
1600,2.713475
1601,2.712661
1602,2.711847
1603,2.711032
1604,2.710216
1605,2.709400
1606,2.708584
1607,2.707767
1608,2.706950
1609,2.706134
1610,2.705317
1611,2.704500
1612,2.703684
1613,2.702868
1614,2.702052
1615,2.701236
1616,2.700420
1617,2.699605
1618,2.698790
1619,2.697975
1620,2.697161
1621,2.696347
1622,2.695534
1623,2.698389
1624,2.698557
1625,2.698227
1626,2.697710
1627,2.697102
1628,2.696441
1629,2.695747
1630,2.695030
1631,2.694298
1632,2.693554
1633,2.692800
1634,2.692040
1635,2.691275
1636,2.690506
1637,2.689732
1638,2.688957
1639,2.688178
1640,2.687398
1641,2.686617
1642,2.685834
1643,2.685050
1644,2.684265
1645,2.683480
1646,2.682694
1647,2.681907
1648,2.681120
1649,2.680333
1650,2.679546
1651,2.678759
1652,2.677972
1653,2.677185
1654,2.676397
1655,2.675610
1656,2.674824
1657,2.674037
1658,2.673251
1659,2.672464
1660,2.671679
1661,2.670893
1662,2.670108
1663,2.669323
1664,2.668539
1665,2.667757
1666,2.670593
1667,2.670777
1668,2.670470
1669,2.669979
1670,2.669397
1671,2.668763
1672,2.668097
1673,2.667408
1674,2.666703
1675,2.665987
1676,2.665263
1677,2.664531
1678,2.663794
1679,2.663053
1680,2.662308
1681,2.661561
1682,2.660811
1683,2.660059
1684,2.659306
1685,2.658552
1686,2.657796
1687,2.657040
1688,2.656283
1689,2.655525
1690,2.654767
1691,2.654008
1692,2.653250
1693,2.652491
1694,2.651732
1695,2.650972
1696,2.650213
1697,2.649454
1698,2.648695
1699,2.647937
1700,2.647178
1701,2.646419
1702,2.645661
1703,2.644903
1704,2.644145
1705,2.643388
1706,2.642631
1707,2.641874
1708,2.641121
1709,2.643939
1710,2.644138
1711,2.643852
1712,2.643385
1713,2.642828
1714,2.642220
1715,2.641580
1716,2.640917
1717,2.640239
1718,2.639550
1719,2.638852
1720,2.638147
1721,2.637437
1722,2.636722
1723,2.636004
1724,2.635284
1725,2.634561
1726,2.633836
1727,2.633109
1728,2.632382
1729,2.631653
1730,2.630923
1731,2.630193
1732,2.629462
1733,2.628730
1734,2.627998
1735,2.627266
1736,2.626534
1737,2.625801
1738,2.625069
1739,2.624336
1740,2.623603
1741,2.622871
1742,2.622138
1743,2.621406
1744,2.620674
1745,2.619942
1746,2.619210
1747,2.618478
1748,2.617747
1749,2.617016
1750,2.616285
1751,2.615558
1752,2.618358
1753,2.618572
1754,2.618306
1755,2.617861
1756,2.617328
1757,2.616744
1758,2.616128
1759,2.615491
1760,2.614837
1761,2.614173
1762,2.613500
1763,2.612820
1764,2.612135
1765,2.611446
1766,2.610753
1767,2.610058
1768,2.609360
1769,2.608660
1770,2.607959
1771,2.607256
1772,2.606553
1773,2.605848
1774,2.605143
1775,2.604437
1776,2.603730
1777,2.603023
1778,2.602316
1779,2.601609
1780,2.600901
1781,2.600193
1782,2.599486
1783,2.598778
1784,2.598070
1785,2.597363
1786,2.596655
1787,2.595948
1788,2.595240
1789,2.594533
1790,2.593826
1791,2.593120
1792,2.592413
1793,2.591707
1794,2.591003
1795,2.593786
1796,2.594013
1797,2.593766
1798,2.593343
1799,2.592831
1800,2.592270
1801,2.591677
1802,2.591063
1803,2.590433
1804,2.589792
1805,2.589143
1806,2.588487
1807,2.587825
1808,2.587160
1809,2.586491
1810,2.585819
1811,2.585145
1812,2.584469
1813,2.583791
1814,2.583112
1815,2.582432
1816,2.581752
1817,2.581070
1818,2.580387
1819,2.579705
1820,2.579021
1821,2.578338
1822,2.577654
1823,2.576970
1824,2.576286
1825,2.575601
1826,2.574917
1827,2.574233
1828,2.573548
1829,2.572864
1830,2.572180
1831,2.571496
1832,2.570812
1833,2.570128
1834,2.569445
1835,2.568762
1836,2.568079
1837,2.567397
1838,2.570162
1839,2.570402
1840,2.570173
1841,2.569769
1842,2.569279
1843,2.568739
1844,2.568167
1845,2.567575
1846,2.566967
1847,2.566349
1848,2.565721
1849,2.565088
1850,2.564448
1851,2.563805
1852,2.563159
1853,2.562509
1854,2.561858
1855,2.561204
1856,2.560549
1857,2.559892
1858,2.559235
1859,2.558576
1860,2.557917
1861,2.557256
1862,2.556596
1863,2.555935
1864,2.555273
1865,2.554612
1866,2.553950
1867,2.553288
1868,2.552626
1869,2.551963
1870,2.551301
1871,2.550639
1872,2.549977
1873,2.549315
1874,2.548653
1875,2.547991
1876,2.547329
1877,2.546667
1878,2.546006
1879,2.545345
1880,2.544684
1881,2.544029
1882,2.546774
1883,2.547024
1884,2.546812
1885,2.546426
1886,2.545956
1887,2.545436
1888,2.544885
1889,2.544314
1890,2.543727
1891,2.543130
1892,2.542524
1893,2.541911
1894,2.541294
1895,2.540672
1896,2.540047
1897,2.539419
1898,2.538788
1899,2.538156
1900,2.537523
1901,2.536887
1902,2.536251
1903,2.535614
1904,2.534976
1905,2.534337
1906,2.533698
1907,2.533059
1908,2.532419
1909,2.531778
1910,2.531138
1911,2.530497
1912,2.529856
1913,2.529215
1914,2.528574
1915,2.527933
1916,2.527292
1917,2.526652
1918,2.526011
1919,2.525370
1920,2.524729
1921,2.524089
1922,2.523449
1923,2.522809
1924,2.522171
1925,2.524900
1926,2.525161
1927,2.524965
1928,2.524597
1929,2.524145
1930,2.523645
1931,2.523114
1932,2.522562
1933,2.521995
1934,2.521417
1935,2.520831
1936,2.520239
1937,2.519641
1938,2.519039
1939,2.518434
1940,2.517826
1941,2.517216
1942,2.516604
1943,2.515990
1944,2.515375
1945,2.514759
1946,2.514142
1947,2.513524
1948,2.512905
1949,2.512286
1950,2.511666
1951,2.511046
1952,2.510426
1953,2.509805
1954,2.509184
1955,2.508563
1956,2.507942
1957,2.507321
1958,2.506700
1959,2.506079
1960,2.505457
1961,2.504836
1962,2.504215
1963,2.503594
1964,2.502973
1965,2.502353
1966,2.501732
1967,2.501112
1968,2.503824
1969,2.504096
1970,2.503914
1971,2.503563
1972,2.503129
1973,2.502646
1974,2.502133
1975,2.501600
1976,2.501052
1977,2.500493
1978,2.499926
1979,2.499352
1980,2.498773
1981,2.498190
1982,2.497604
1983,2.497015
1984,2.496424
1985,2.495831
1986,2.495236
1987,2.494640
1988,2.494042
1989,2.493444
1990,2.492845
1991,2.492245
1992,2.491645
1993,2.491044
1994,2.490443
1995,2.489841
1996,2.489239
1997,2.488637
1998,2.488035
1999,2.487432
2000,2.486830
2001,2.486227
2002,2.485625
2003,2.485022
2004,2.484419
2005,2.483817
2006,2.483215
2007,2.482612
2008,2.482010
2009,2.481408
2010,2.480806
2011,2.480208
2012,2.482901
2013,2.483181
2014,2.483013
2015,2.482678
2016,2.482260
2017,2.481794
2018,2.481299
2019,2.480783
2020,2.480253
2021,2.479712
2022,2.479162
2023,2.478607
2024,2.478046
2025,2.477481
2026,2.476913
2027,2.476343
2028,2.475769
2029,2.475194
2030,2.474618
2031,2.474040
2032,2.473461
2033,2.472881
2034,2.472300
2035,2.471718
2036,2.471136
2037,2.470553
2038,2.469970
2039,2.469386
2040,2.468803
2041,2.468219
2042,2.467634
2043,2.467050
2044,2.466466
2045,2.465881
2046,2.465297
2047,2.464712
2048,2.464128
2049,2.463543
2050,2.462959
2051,2.462374
2052,2.461790
2053,2.461206
2054,2.460622
2055,2.460043
2056,2.462718
2057,2.463006
2058,2.462851
2059,2.462531
2060,2.462129
2061,2.461680
2062,2.461201
2063,2.460702
2064,2.460189
2065,2.459665
2066,2.459133
2067,2.458594
2068,2.458051
2069,2.457503
2070,2.456952
2071,2.456399
2072,2.455843
2073,2.455285
2074,2.454726
2075,2.454166
2076,2.453604
2077,2.453041
2078,2.452477
2079,2.451913
2080,2.451348
2081,2.450783
2082,2.450217
2083,2.449650
2084,2.449084
2085,2.448517
2086,2.447950
2087,2.447383
2088,2.446816
2089,2.446248
2090,2.445681
2091,2.445114
2092,2.444546
2093,2.443979
2094,2.443411
2095,2.442844
2096,2.442277
2097,2.441710
2098,2.441143
2099,2.443804
2100,2.444100
2101,2.443958
2102,2.443652
2103,2.443265
2104,2.442831
2105,2.442368
2106,2.441885
2107,2.441388
2108,2.440880
2109,2.440364
2110,2.439841
2111,2.439314
2112,2.438783
2113,2.438248
2114,2.437711
2115,2.437172
2116,2.436630
2117,2.436087
2118,2.435543
2119,2.434997
2120,2.434450
2121,2.433903
2122,2.433355
2123,2.432806
2124,2.432257
2125,2.431707
2126,2.431157
2127,2.430606
2128,2.430055
2129,2.429505
2130,2.428953
2131,2.428402
2132,2.427851
2133,2.427299
2134,2.426748
2135,2.426197
2136,2.425645
2137,2.425094
2138,2.424542
2139,2.423991
2140,2.423440
2141,2.422889
2142,2.422340
2143,2.424982
2144,2.425286
2145,2.425155
2146,2.424862
2147,2.424489
2148,2.424070
2149,2.423622
2150,2.423154
2151,2.422671
2152,2.422179
2153,2.421678
2154,2.421171
2155,2.420660
2156,2.420144
2157,2.419625
2158,2.419103
2159,2.418579
2160,2.418053
2161,2.417526
2162,2.416997
2163,2.416467
2164,2.415936
2165,2.415404
2166,2.414871
2167,2.414338
2168,2.413804
2169,2.413270
2170,2.412736
2171,2.412201
2172,2.411665
2173,2.411130
2174,2.410594
2175,2.410059
2176,2.409523
2177,2.408987
2178,2.408451
2179,2.407915
2180,2.407379
2181,2.406843
2182,2.406307
2183,2.405771
2184,2.405235
2185,2.404699
2186,2.404167
2187,2.406792
2188,2.407102
2189,2.406982
2190,2.406702
2191,2.406342
2192,2.405937
2193,2.405503
2194,2.405049
2195,2.404582
2196,2.404104
2197,2.403618
2198,2.403126
2199,2.402629
2200,2.402128
2201,2.401624
2202,2.401117
2203,2.400608
2204,2.400097
2205,2.399584
2206,2.399070
2207,2.398555
2208,2.398039
2209,2.397522
2210,2.397004
2211,2.396486
2212,2.395967
2213,2.395447
2214,2.394928
2215,2.394408
2216,2.393887
2217,2.393366
2218,2.392846
2219,2.392325
2220,2.391804
2221,2.391282
2222,2.390761
2223,2.390240
2224,2.389718
2225,2.389197
2226,2.388676
2227,2.388155
2228,2.387633
2229,2.387112
2230,2.386594
2231,2.389203
2232,2.389519
2233,2.389410
2234,2.389142
2235,2.388795
2236,2.388403
2237,2.387983
2238,2.387543
2239,2.387089
2240,2.386625
2241,2.386153
2242,2.385675
2243,2.385192
2244,2.384705
2245,2.384215
2246,2.383723
2247,2.383228
2248,2.382731
2249,2.382232
2250,2.381733
2251,2.381232
2252,2.380730
2253,2.380227
2254,2.379723
2255,2.379219
2256,2.378714
2257,2.378209
2258,2.377703
2259,2.377197
2260,2.376691
2261,2.376184
2262,2.375678
2263,2.375171
2264,2.374664
2265,2.374157
2266,2.373649
2267,2.373142
2268,2.372635
2269,2.372127
2270,2.371620
2271,2.371113
2272,2.370606
2273,2.370098
2274,2.369594
2275,2.372186
2276,2.372508
2277,2.372409
2278,2.372152
2279,2.371818
2280,2.371439
2281,2.371031
2282,2.370604
2283,2.370164
2284,2.369713
2285,2.369255
2286,2.368790
2287,2.368321
2288,2.367847
2289,2.367371
2290,2.366891
2291,2.366410
2292,2.365927
2293,2.365442
2294,2.364955
2295,2.364468
2296,2.363979
2297,2.363490
2298,2.363000
2299,2.362509
2300,2.362018
2301,2.361526
2302,2.361034
2303,2.360541
2304,2.360049
2305,2.359556
2306,2.359062
2307,2.358569
2308,2.358075
2309,2.357581
2310,2.357088
2311,2.356594
2312,2.356100
2313,2.355606
2314,2.355112
2315,2.354618
2316,2.354124
2317,2.353630
2318,2.353138
2319,2.355714
2320,2.356042
2321,2.355952
2322,2.355706
2323,2.355384
2324,2.355017
2325,2.354621
2326,2.354207
2327,2.353779
2328,2.353341
2329,2.352895
2330,2.352443
2331,2.351987
2332,2.351526
2333,2.351063
2334,2.350596
2335,2.350128
2336,2.349657
2337,2.349185
2338,2.348712
2339,2.348237
2340,2.347762
2341,2.347285
2342,2.346808
2343,2.346330
2344,2.345852
2345,2.345373
2346,2.344893
2347,2.344414
2348,2.343934
2349,2.343453
2350,2.342973
2351,2.342492
2352,2.342011
2353,2.341531
2354,2.341049
2355,2.340568
2356,2.340087
2357,2.339606
2358,2.339125
2359,2.338644
2360,2.338162
2361,2.337681
2362,2.337201
2363,2.339762
2364,2.340094
2365,2.340014
2366,2.339778
2367,2.339467
2368,2.339111
2369,2.338728
2370,2.338325
2371,2.337909
2372,2.337483
2373,2.337050
2374,2.336610
2375,2.336166
2376,2.335717
2377,2.335266
2378,2.334812
2379,2.334356
2380,2.333897
2381,2.333438
2382,2.332977
2383,2.332514
2384,2.332051
2385,2.331587
2386,2.331122
2387,2.330656
2388,2.330190
2389,2.329724
2390,2.329257
2391,2.328789
2392,2.328321
2393,2.327853
2394,2.327385
2395,2.326917
2396,2.326448
2397,2.325979
2398,2.325511
2399,2.325042
2400,2.324573
2401,2.324104
2402,2.323635
2403,2.323165
2404,2.322696
2405,2.322227
2406,2.321759
2407,2.324304
2408,2.324641
2409,2.324569
2410,2.324344
2411,2.324042
2412,2.323698
2413,2.323326
2414,2.322934
2415,2.322530
2416,2.322116
2417,2.321694
2418,2.321266
2419,2.320833
2420,2.320396
2421,2.319957
2422,2.319514
2423,2.319070
2424,2.318623
2425,2.318175
2426,2.317726
2427,2.317276
2428,2.316824
2429,2.316372
2430,2.315919
2431,2.315465
2432,2.315010
2433,2.314556
2434,2.314100
2435,2.313645
2436,2.313188
2437,2.312732
2438,2.312276
2439,2.311819
2440,2.311362
2441,2.310905
2442,2.310448
2443,2.309990
2444,2.309533
2445,2.309076
2446,2.308618
2447,2.308161
2448,2.307703
2449,2.307246
2450,2.306789
2451,2.306335
2452,2.308863
2453,2.309204
2454,2.309139
2455,2.308923
2456,2.308632
2457,2.308298
2458,2.307936
2459,2.307556
2460,2.307163
2461,2.306759
2462,2.306348
2463,2.305932
2464,2.305510
2465,2.305085
2466,2.304657
2467,2.304226
2468,2.303793
2469,2.303358
2470,2.302921
2471,2.302483
2472,2.302044
2473,2.301604
2474,2.301163
2475,2.300721
2476,2.300279
2477,2.299836
2478,2.299392
2479,2.298948
2480,2.298504
2481,2.298059
2482,2.297614
2483,2.297169
2484,2.296724
2485,2.296278
2486,2.295833
2487,2.295387
2488,2.294941
2489,2.294495
2490,2.294049
2491,2.293603
2492,2.293157
2493,2.292710
2494,2.292264
2495,2.291819
2496,2.294333
2497,2.294679
2498,2.294622
2499,2.294415
2500,2.294134
2501,2.293810
2502,2.293458
2503,2.293089
2504,2.292706
2505,2.292313
2506,2.291913
2507,2.291507
2508,2.291097
2509,2.290682
2510,2.290265
2511,2.289844
2512,2.289422
2513,2.288998
2514,2.288572
2515,2.288145
2516,2.287717
2517,2.287288
2518,2.286857
2519,2.286426
2520,2.285995
2521,2.285563
2522,2.285130
2523,2.284697
2524,2.284263
2525,2.283829
2526,2.283395
2527,2.282961
2528,2.282526
2529,2.282091
2530,2.281656
2531,2.281221
2532,2.280786
2533,2.280351
2534,2.279916
2535,2.279480
2536,2.279045
2537,2.278609
2538,2.278174
2539,2.277738
2540,2.277306
2541,2.279803
2542,2.280153
2543,2.280103
2544,2.279904
2545,2.279632
2546,2.279318
2547,2.278976
2548,2.278617
2549,2.278244
2550,2.277861
2551,2.277471
2552,2.277076
2553,2.276675
2554,2.276271
2555,2.275864
2556,2.275454
2557,2.275043
2558,2.274629
2559,2.274213
2560,2.273797
2561,2.273379
2562,2.272960
2563,2.272540
2564,2.272120
2565,2.271699
2566,2.271277
2567,2.270855
2568,2.270432
2569,2.270009
2570,2.269586
2571,2.269162
2572,2.268738
2573,2.268314
2574,2.267890
2575,2.267465
2576,2.267040
2577,2.266616
2578,2.266191
2579,2.265766
2580,2.265341
2581,2.264916
2582,2.264491
2583,2.264065
2584,2.263640
2585,2.266124
2586,2.266477
2587,2.266435
2588,2.266245
2589,2.265982
2590,2.265677
2591,2.265345
2592,2.264995
2593,2.264632
2594,2.264259
2595,2.263879
2596,2.263493
2597,2.263103
2598,2.262709
2599,2.262311
2600,2.261912
2601,2.261510
2602,2.261106
2603,2.260700
2604,2.260294
2605,2.259886
2606,2.259477
2607,2.259067
2608,2.258657
2609,2.258245
2610,2.257834
2611,2.257421
2612,2.257009
2613,2.256595
2614,2.256182
2615,2.255768
2616,2.255354
2617,2.254940
2618,2.254525
2619,2.254111
2620,2.253696
2621,2.253281
2622,2.252866
2623,2.252451
2624,2.252035
2625,2.251620
2626,2.251205
2627,2.250790
2628,2.250374
2629,2.249961
2630,2.252429
2631,2.252785
2632,2.252749
2633,2.252567
2634,2.252312
2635,2.252015
2636,2.251692
2637,2.251351
2638,2.250998
2639,2.250634
2640,2.250264
2641,2.249887
2642,2.249506
2643,2.249122
2644,2.248734
2645,2.248344
2646,2.247951
2647,2.247557
2648,2.247161
2649,2.246764
2650,2.246366
2651,2.245967
2652,2.245567
2653,2.245166
2654,2.244764
2655,2.244362
2656,2.243959
2657,2.243556
2658,2.243153
2659,2.242749
2660,2.242344
2661,2.241940
2662,2.241535
2663,2.241130
2664,2.240725
2665,2.240320
2666,2.239915
2667,2.239509
2668,2.239104
2669,2.238698
2670,2.238292
2671,2.237886
2672,2.237481
2673,2.237075
2674,2.236672
2675,2.239125
2676,2.239484
2677,2.239454
2678,2.239279
2679,2.239033
2680,2.238745
2681,2.238430
2682,2.238098
2683,2.237753
2684,2.237399
2685,2.237038
2686,2.236670
2687,2.236299
2688,2.235923
2689,2.235545
2690,2.235164
2691,2.234781
2692,2.234396
2693,2.234009
2694,2.233621
2695,2.233232
2696,2.232842
2697,2.232451
2698,2.232060
2699,2.231667
2700,2.231274
2701,2.230881
2702,2.230487
2703,2.230093
2704,2.229698
2705,2.229303
2706,2.228908
2707,2.228512
2708,2.228117
2709,2.227721
2710,2.227325
2711,2.226929
2712,2.226532
2713,2.226136
2714,2.225740
2715,2.225343
2716,2.224947
2717,2.224550
2718,2.224153
2719,2.223760
2720,2.226198
2721,2.226560
2722,2.226536
2723,2.226368
2724,2.226130
2725,2.225850
2726,2.225544
2727,2.225220
2728,2.224884
2729,2.224539
2730,2.224186
2731,2.223827
2732,2.223464
2733,2.223098
2734,2.222728
2735,2.222356
2736,2.221982
2737,2.221606
2738,2.221228
2739,2.220849
2740,2.220469
2741,2.220088
2742,2.219706
2743,2.219323
2744,2.218940
2745,2.218556
2746,2.218171
2747,2.217786
2748,2.217401
2749,2.217015
2750,2.216629
2751,2.216243
2752,2.215856
2753,2.215469
2754,2.215082
2755,2.214695
2756,2.214308
2757,2.213920
2758,2.213533
2759,2.213145
2760,2.212758
2761,2.212370
2762,2.211982
2763,2.211594
2764,2.211210
2765,2.213633
2766,2.213998
2767,2.213980
2768,2.213819
2769,2.213588
2770,2.213316
2771,2.213018
2772,2.212703
2773,2.212375
2774,2.212037
2775,2.211693
2776,2.211343
2777,2.210989
2778,2.210630
2779,2.210269
2780,2.209906
2781,2.209540
2782,2.209172
2783,2.208803
2784,2.208433
2785,2.208061
2786,2.207689
2787,2.207316
2788,2.206941
2789,2.206566
2790,2.206191
2791,2.205815
2792,2.205439
2793,2.205062
2794,2.204685
2795,2.204307
2796,2.203929
2797,2.203551
2798,2.203173
2799,2.202794
2800,2.202416
2801,2.202037
2802,2.201658
2803,2.201279
2804,2.200900
2805,2.200521
2806,2.200142
2807,2.199762
2808,2.199383
2809,2.199007
2810,2.201416
2811,2.201783
2812,2.201771
2813,2.201617
2814,2.201392
2815,2.201128
2816,2.200838
2817,2.200530
2818,2.200210
2819,2.199881
2820,2.199545
2821,2.199203
2822,2.198857
2823,2.198507
2824,2.198154
2825,2.197798
2826,2.197441
2827,2.197082
2828,2.196721
2829,2.196359
2830,2.195995
2831,2.195631
2832,2.195266
2833,2.194900
2834,2.194533
2835,2.194166
2836,2.193798
2837,2.193430
2838,2.193061
2839,2.192692
2840,2.192323
2841,2.191953
2842,2.191584
2843,2.191213
2844,2.190843
2845,2.190473
2846,2.190102
2847,2.189731
2848,2.189361
2849,2.188990
2850,2.188619
2851,2.188248
2852,2.187877
2853,2.187505
2854,2.187137
2855,2.189532
2856,2.189902
2857,2.189895
2858,2.189747
2859,2.189530
2860,2.189272
2861,2.188990
2862,2.188690
2863,2.188378
2864,2.188056
2865,2.187727
2866,2.187393
2867,2.187055
2868,2.186713
2869,2.186368
2870,2.186020
2871,2.185671
2872,2.185319
2873,2.184966
2874,2.184612
2875,2.184257
2876,2.183900
2877,2.183543
2878,2.183185
2879,2.182826
2880,2.182467
2881,2.182107
2882,2.181747
2883,2.181386
2884,2.181025
2885,2.180663
2886,2.180302
2887,2.179940
2888,2.179578
2889,2.179215
2890,2.178853
2891,2.178490
2892,2.178127
2893,2.177764
2894,2.177401
2895,2.177038
2896,2.176675
2897,2.176311
2898,2.175948
2899,2.175587
2900,2.177969
2901,2.178340
2902,2.178338
2903,2.178197
2904,2.177986
2905,2.177736
2906,2.177460
2907,2.177168
2908,2.176863
2909,2.176549
2910,2.176228
2911,2.175901
2912,2.175570
2913,2.175236
2914,2.174898
2915,2.174558
2916,2.174216
2917,2.173872
2918,2.173527
2919,2.173180
2920,2.172832
2921,2.172484
2922,2.172134
2923,2.171784
2924,2.171433
2925,2.171081
2926,2.170729
2927,2.170376
2928,2.170023
2929,2.169669
2930,2.169316
2931,2.168961
2932,2.168607
2933,2.168253
2934,2.167898
2935,2.167543
2936,2.167188
2937,2.166832
2938,2.166477
2939,2.166122
2940,2.165766
2941,2.165410
2942,2.165055
2943,2.164699
2944,2.164344
2945,2.166713
2946,2.167087
2947,2.167089
2948,2.166954
2949,2.166750
2950,2.166506
2951,2.166237
2952,2.165952
2953,2.165654
2954,2.165347
2955,2.165033
2956,2.164714
2957,2.164390
2958,2.164063
2959,2.163732
2960,2.163400
2961,2.163065
2962,2.162729
2963,2.162391
2964,2.162051
2965,2.161711
2966,2.161369
2967,2.161027
2968,2.160684
2969,2.160340
2970,2.159996
2971,2.159651
2972,2.159306
2973,2.158960
2974,2.158614
2975,2.158267
2976,2.157921
2977,2.157573
2978,2.157226
2979,2.156879
2980,2.156531
2981,2.156183
2982,2.155835
2983,2.155487
2984,2.155139
2985,2.154791
2986,2.154442
2987,2.154094
2988,2.153745
2989,2.153397
2990,2.153053
2991,2.155407
2992,2.155781
2993,2.155788
2994,2.155658
2995,2.155460
2996,2.155223
2997,2.154961
2998,2.154682
2999,2.154391
3000,2.154090
3001,2.153783
3002,2.153471
3003,2.153154
3004,2.152834
3005,2.152511
3006,2.152185
3007,2.151858
3008,2.151528
3009,2.151197
3010,2.150865
3011,2.150532
3012,2.150198
3013,2.149862
3014,2.149527
3015,2.149190
3016,2.148853
3017,2.148515
3018,2.148177
3019,2.147838
3020,2.147499
3021,2.147160
3022,2.146820
3023,2.146480
3024,2.146140
3025,2.145800
3026,2.145459
3027,2.145119
3028,2.144778
3029,2.144437
3030,2.144096
3031,2.143755
3032,2.143414
3033,2.143072
3034,2.142731
3035,2.142391
3036,2.144733
3037,2.145110
3038,2.145122
3039,2.144997
3040,2.144805
3041,2.144574
3042,2.144319
3043,2.144046
3044,2.143762
3045,2.143468
3046,2.143168
3047,2.142863
3048,2.142553
3049,2.142239
3050,2.141923
3051,2.141604
3052,2.141284
3053,2.140961
3054,2.140637
3055,2.140312
3056,2.139985
3057,2.139658
3058,2.139329
3059,2.139000
3060,2.138671
3061,2.138340
3062,2.138009
3063,2.137678
3064,2.137346
3065,2.137014
3066,2.136682
3067,2.136349
3068,2.136016
3069,2.135683
3070,2.135349
3071,2.135015
3072,2.134682
3073,2.134348
3074,2.134014
3075,2.133679
3076,2.133345
3077,2.133010
3078,2.132676
3079,2.132341
3080,2.132007
3081,2.131676
3082,2.134004
3083,2.134382
3084,2.134398
3085,2.134278
3086,2.134091
3087,2.133866
3088,2.133617
3089,2.133351
3090,2.133073
3091,2.132786
3092,2.132492
3093,2.132193
3094,2.131889
3095,2.131582
3096,2.131273
3097,2.130961
3098,2.130646
3099,2.130330
3100,2.130013
3101,2.129694
3102,2.129375
3103,2.129054
3104,2.128732
3105,2.128410
3106,2.128087
3107,2.127763
3108,2.127439
3109,2.127114
3110,2.126789
3111,2.126464
3112,2.126138
3113,2.125812
3114,2.125485
3115,2.125159
3116,2.124832
3117,2.124505
3118,2.124178
3119,2.123850
3120,2.123523
3121,2.123195
3122,2.122867
3123,2.122540
3124,2.122212
3125,2.121884
3126,2.121557
3127,2.123873
3128,2.124253
3129,2.124273
3130,2.124159
3131,2.123978
3132,2.123759
3133,2.123515
3134,2.123255
3135,2.122983
3136,2.122703
3137,2.122415
3138,2.122122
3139,2.121825
3140,2.121525
3141,2.121222
3142,2.120916
3143,2.120608
3144,2.120298
3145,2.119987
3146,2.119675
3147,2.119362
3148,2.119047
3149,2.118732
3150,2.118416
3151,2.118099
3152,2.117782
3153,2.117464
3154,2.117146
3155,2.116827
3156,2.116508
3157,2.116189
3158,2.115869
3159,2.115549
3160,2.115229
3161,2.114908
3162,2.114588
3163,2.114267
3164,2.113946
3165,2.113625
3166,2.113303
3167,2.112982
3168,2.112661
3169,2.112339
3170,2.112017
3171,2.111696
3172,2.111377
3173,2.113680
3174,2.114060
3175,2.114084
3176,2.113974
3177,2.113799
3178,2.113585
3179,2.113347
3180,2.113093
3181,2.112827
3182,2.112552
3183,2.112271
3184,2.111984
3185,2.111693
3186,2.111399
3187,2.111101
3188,2.110802
3189,2.110500
3190,2.110197
3191,2.109892
3192,2.109586
3193,2.109279
3194,2.108970
3195,2.108661
3196,2.108351
3197,2.108041
3198,2.107730
3199,2.107418
3200,2.107106
3201,2.106794
3202,2.106481
3203,2.106168
3204,2.105854
3205,2.105540
3206,2.105226
3207,2.104912
3208,2.104597
3209,2.104283
3210,2.103968
3211,2.103653
3212,2.103338
3213,2.103023
3214,2.102708
3215,2.102392
3216,2.102077
3217,2.101761
3218,2.101449
3219,2.103739
3220,2.104121
3221,2.104148
3222,2.104043
3223,2.103873
3224,2.103664
3225,2.103432
3226,2.103183
3227,2.102923
3228,2.102654
3229,2.102379
3230,2.102098
3231,2.101813
3232,2.101524
3233,2.101233
3234,2.100939
3235,2.100644
3236,2.100346
3237,2.100047
3238,2.099747
3239,2.099446
3240,2.099144
3241,2.098841
3242,2.098537
3243,2.098233
3244,2.097928
3245,2.097622
3246,2.097316
3247,2.097009
3248,2.096703
3249,2.096395
3250,2.096088
3251,2.095780
3252,2.095472
3253,2.095164
3254,2.094855
3255,2.094547
3256,2.094238
3257,2.093929
3258,2.093620
3259,2.093311
3260,2.093001
3261,2.092692
3262,2.092383
3263,2.092073
3264,2.094352
3265,2.094736
3266,2.094767
3267,2.094667
3268,2.094501
3269,2.094298
3270,2.094071
3271,2.093828
3272,2.093574
3273,2.093311
3274,2.093041
3275,2.092766
3276,2.092486
3277,2.092204
3278,2.091918
3279,2.091630
3280,2.091340
3281,2.091049
3282,2.090756
3283,2.090461
3284,2.090166
3285,2.089869
3286,2.089572
3287,2.089274
3288,2.088975
3289,2.088676
3290,2.088376
3291,2.088076
3292,2.087775
3293,2.087474
3294,2.087173
3295,2.086871
3296,2.086569
3297,2.086267
3298,2.085964
3299,2.085662
3300,2.085359
3301,2.085056
3302,2.084752
3303,2.084449
3304,2.084146
3305,2.083842
3306,2.083538
3307,2.083235
3308,2.082931
3309,2.082629
3310,2.084895
3311,2.085279
3312,2.085313
3313,2.085217
3314,2.085056
3315,2.084858
3316,2.084636
3317,2.084399
3318,2.084149
3319,2.083891
3320,2.083627
3321,2.083357
3322,2.083083
3323,2.082806
3324,2.082526
3325,2.082244
3326,2.081959
3327,2.081673
3328,2.081386
3329,2.081097
3330,2.080807
3331,2.080516
3332,2.080225
3333,2.079932
3334,2.079639
3335,2.079345
3336,2.079051
3337,2.078757
3338,2.078461
3339,2.078166
3340,2.077870
3341,2.077574
3342,2.077277
3343,2.076981
3344,2.076684
3345,2.076387
3346,2.076089
3347,2.075792
3348,2.075494
3349,2.075197
3350,2.074899
3351,2.074601
3352,2.074303
3353,2.074005
3354,2.073706
3355,2.073410
3356,2.075664
3357,2.076049
3358,2.076087
3359,2.075994
3360,2.075838
3361,2.075645
3362,2.075428
3363,2.075196
3364,2.074951
3365,2.074699
3366,2.074439
3367,2.074175
3368,2.073907
3369,2.073635
3370,2.073360
3371,2.073083
3372,2.072804
3373,2.072524
3374,2.072241
3375,2.071958
3376,2.071674
3377,2.071388
3378,2.071102
3379,2.070815
3380,2.070527
3381,2.070239
3382,2.069950
3383,2.069661
3384,2.069371
3385,2.069081
3386,2.068791
3387,2.068500
3388,2.068209
3389,2.067918
3390,2.067627
3391,2.067335
3392,2.067043
3393,2.066751
3394,2.066459
3395,2.066166
3396,2.065874
3397,2.065582
3398,2.065289
3399,2.064996
3400,2.064703
3401,2.064412
3402,2.066654
3403,2.067040
3404,2.067081
3405,2.066993
3406,2.066841
3407,2.066652
3408,2.066441
3409,2.066213
3410,2.065974
3411,2.065726
3412,2.065472
3413,2.065213
3414,2.064949
3415,2.064683
3416,2.064413
3417,2.064142
3418,2.063868
3419,2.063593
3420,2.063316
3421,2.063038
3422,2.062758
3423,2.062478
3424,2.062197
3425,2.061916
3426,2.061633
3427,2.061350
3428,2.061067
3429,2.060783
3430,2.060498
3431,2.060214
3432,2.059929
3433,2.059643
3434,2.059357
3435,2.059071
3436,2.058785
3437,2.058499
3438,2.058212
3439,2.057925
3440,2.057638
3441,2.057351
3442,2.057064
3443,2.056777
3444,2.056490
3445,2.056202
3446,2.055914
3447,2.055628
3448,2.057859
3449,2.058245
3450,2.058289
3451,2.058205
3452,2.058057
3453,2.057873
3454,2.057666
3455,2.057443
3456,2.057209
3457,2.056966
3458,2.056717
3459,2.056463
3460,2.056205
3461,2.055943
3462,2.055679
3463,2.055412
3464,2.055143
3465,2.054873
3466,2.054601
3467,2.054328
3468,2.054054
3469,2.053779
3470,2.053503
3471,2.053227
3472,2.052950
3473,2.052672
3474,2.052393
3475,2.052114
3476,2.051835
3477,2.051555
3478,2.051275
3479,2.050995
3480,2.050714
3481,2.050434
3482,2.050152
3483,2.049871
3484,2.049590
3485,2.049308
3486,2.049026
3487,2.048744
3488,2.048462
3489,2.048180
3490,2.047898
3491,2.047615
3492,2.047333
3493,2.047051
3494,2.049270
3495,2.049657
3496,2.049704
3497,2.049624
3498,2.049480
3499,2.049301
3500,2.049098
